language_id,mean_speaker_K_rarefied,boot_K_lo,boot_K_hi,mean_effective_categories,boot_eff_lo,boot_eff_hi,mean_delta50,boot_delta_lo,boot_delta_hi,mean_valid_chips,median_valid_chips,n_speakers,n_rarefaction_eligible,language_K
1,6.677734191172707,6.395678058294751,6.959894626472795,5.811701797168931,5.490347504178609,6.142480357707917,11.465410063878453,5.780313517021353,17.726158051770163,330.0,330.0,25,25,7
2,9.118054960846031,7.935215977803946,10.317896667690917,7.248628791318697,6.407143458903929,8.096054579677357,19.688392486196268,13.081874493507767,26.048885925760878,321.4583333333333,326.5,24,20,6
3,13.744436470979185,10.990705081686063,16.64930977175579,9.415303864556039,8.031913265660679,10.916630041124797,19.40408717149007,13.023706099653902,25.638964538714973,307.52,324.0,25,16,11
4,9.349147109188655,8.747054268600941,9.977512689253377,7.190406607155434,6.768717359580079,7.618272644583086,29.397054292885592,25.338914192623633,33.170444470317776,329.42857142857144,330.0,35,35,10
5,7.33331423804763,6.9999999998773985,7.999942714265494,6.667906335961672,6.373575512802104,6.963823301238146,24.3624359791271,12.35967537166042,36.32860361962416,330.0,330.0,6,6,7
6,9.963404962395549,8.85229809249298,11.319431097658843,7.574865962423952,6.9209298462275175,8.277324383902883,20.740852360172713,14.567737395919213,26.588515172025733,326.7037037037037,330.0,27,25,10
7,13.925661519313502,13.324064424827684,14.56782103323567,10.298131611715744,9.769542268594778,10.829558316890905,17.393853874075308,12.45427787664284,22.44000962624709,330.0,330.0,25,25,15
8,7.204864582458818,6.727920985348551,7.920129992902032,6.182725085286324,5.888064485922104,6.491125484128732,27.06498061436914,21.356986526519698,32.14886707933533,329.96,330.0,25,25,7
9,6.703510630815466,6.42287975192484,6.959409042774806,5.371076435998736,5.20134752020389,5.539612272138808,27.211254467765013,21.68176902980342,32.11767395120108,327.03333333333336,330.0,30,28,7
10,7.999999956743096,7.999999956743096,7.999999956743096,5.3721000988296,4.9658235013661285,5.801435516806931,17.79446202678112,11.645437270533085,23.696475210704477,327.68,330.0,25,24,6
11,7.073708608027524,6.753804194278153,7.433510498311873,6.312469551706313,5.977646259800344,6.649013650946651,27.383650314340553,21.088668358532427,33.35716848804832,329.96,330.0,25,25,7
12,4.9579344108403385,4.833812883230026,5.079995016900936,4.48484918355707,4.2892106760393345,4.64590750228709,50.489268348959065,48.917295833432256,52.218021025949355,330.0,330.0,25,25,5
13,8.188449037943581,7.405390211755801,9.085132151644842,6.287944070168596,5.788083052989334,6.830898158931697,26.58398633224983,19.43098406493234,33.2793818049643,329.8,330.0,25,25,7
14,4.461344775465676,3.5979388004095405,5.634344909098281,3.6421326789771,3.2453624306347324,4.110278578982261,37.94430136632633,27.807085773058237,48.467695356101984,329.96,330.0,25,25,4
15,8.073008991832554,7.630966380055187,8.510667226872046,5.956510393942584,5.620497375704479,6.29175581764298,25.64507026465001,18.60009596974672,32.13953051652108,329.96,330.0,25,25,9
16,6.593508356515141,6.313617627055889,6.871783982781577,5.605836979933,5.432342679939636,5.784011907238189,26.130232206383877,19.497790557754143,32.18186069645593,330.0,330.0,25,25,6
17,15.274206828606754,14.547606196128424,16.061703372373227,11.359680948869139,10.742473079976861,11.979375149176171,14.00173095243569,9.30913733387266,18.68649276237428,328.56666666666666,330.0,30,30,17
18,7.660206299511633,7.019533472287477,8.324045778332389,5.751600493848523,5.297200859940062,6.199756067663851,14.041977967890794,8.444260706544874,19.90164166733707,329.44,330.0,25,25,8
19,12.12831332725197,11.34486541293086,12.884085754549558,8.608710701116644,8.284538313725786,8.945289393125691,13.216881046337278,7.5878406508259735,18.900138048396105,329.2,330.0,25,25,13
20,8.518717837561296,7.251355000628013,10.513023657919975,6.128421921782688,5.2393540664442115,7.285219534617531,19.819579922972505,8.030653969763076,32.73203662882356,328.72727272727275,329.0,11,11,8
21,6.2756727921760795,6.035777986361083,6.553509389915441,4.544428668378773,4.295019795928521,4.787934614767238,27.325750694570353,17.63012403539435,37.31202584169974,329.92,330.0,25,25,7
22,7.033645167215919,6.5340293019701585,7.615369439712835,5.198679417583852,5.0206708514944065,5.385606195061424,36.40819186770331,29.597690211877712,42.1092214979546,323.44,330.0,25,22,7
23,4.039995417141239,4.0,4.119986251423719,3.8129637752809344,3.7226028562389586,3.8923395318625578,34.53002034103095,25.694022227820824,43.24190573410707,329.96,330.0,25,25,4
24,10.703300570575784,10.26067037690003,11.145938357043294,8.564957996181052,8.278575358726892,8.882813600388998,26.87560205868548,21.941078617960304,31.15150401908611,330.0,330.0,25,25,12
25,6.997730163588887,6.993512110030043,6.999990209763494,4.926073672296743,4.850611271850119,5.007290055788259,38.70071977691394,30.384756366748537,46.705185420916656,329.88,330.0,25,25,7
26,7.0,7.0,7.0,5.343948520666564,5.055123794821451,5.588204557209758,29.564633409494796,22.90556851500638,35.85342778617409,322.8,328.0,25,21,7
27,14.633203740926284,13.285471037563044,15.952389761188002,11.045845547285051,10.121995192151006,11.919231800635316,9.617910870208332,4.463980157198562,15.192726704275211,326.32,328.0,25,24,17
28,8.66198181068922,7.985489651918821,9.425422267258215,6.9409378763798095,6.382882891862342,7.579729983422474,15.291421901685,8.372186841918225,22.158906085507134,328.76,330.0,25,25,9
29,6.589596757563165,6.31381567651483,6.861254121186935,5.449576749999326,5.253549976152959,5.653406021850663,45.27891393029027,40.64377578208114,48.44009326719839,329.92,330.0,25,25,7
30,5.719899788154796,5.52,5.879999999999679,5.232768191871344,5.018396611916281,5.450080716270808,40.06074246857197,33.60489285665867,45.50836539205287,330.0,330.0,25,25,6
31,,,,4.7850098791823,4.426300548358649,5.081985402399669,80.84488428793968,47.4651944330026,114.22419895105062,48.92,34.0,25,0,5
32,6.475348096428603,5.668775512874263,7.32728529397082,4.845570919489714,4.385245179267163,5.3362187877646345,10.164472382629047,4.556751321065786,16.50235250959653,322.76,329.0,25,22,5
33,7.0,7.0,7.0,6.397210472511183,6.363823302771983,6.42687574393532,21.385337192862984,16.19107696751163,26.34495169092902,329.48,330.0,25,25,7
34,9.691412963237097,8.777009838231088,10.569744878049752,7.914532687971561,7.2673054249660165,8.575137418305555,22.54629756910963,17.323990746308034,27.33390741501319,327.92,330.0,25,24,11
35,7.793612818855726,7.0757712737075,8.465263209240387,6.716261489525875,6.066050096901982,7.28312020893075,37.20346839336922,31.8848512108065,41.99053273383256,329.92,330.0,25,25,9
36,3.2357739853505847,3.0,3.549482789605746,2.828465184416822,2.7646382724817204,2.8995403148586245,66.00628322751528,60.041408273317515,70.05795383860976,329.92,330.0,25,25,3
37,7.35145423970546,6.913603499468661,7.827128603241539,5.869452692087517,5.614981282246216,6.110741247851663,25.062703953785807,18.55824258357801,30.938735069673196,329.8,330.0,25,25,7
38,11.250200205221345,10.851987948081547,11.718641758261994,7.845409103836581,7.711449970958063,7.985588097109593,1.5017416022930805,0.7256031973468698,3.053021808897302,322.39285714285717,328.5,28,25,10
39,9.362687998138085,8.661136815388096,10.04960317403408,7.562610341634694,7.114167595839083,7.991801744894792,25.918649099672713,19.6781975646707,32.08323500204906,330.0,330.0,25,25,9
40,7.03041799764103,6.7632866976111545,7.2633171590357435,5.717338992710644,5.427714567765238,6.024570082429947,22.2192768196207,15.234944452158322,29.133968154250965,327.8888888888889,330.0,27,26,7
41,6.947216195060974,6.66721462944362,7.2652714236829725,5.153979818781217,4.9683697917194145,5.3459735210145505,42.18297899168114,36.22108715740704,46.773945955845996,330.0,330.0,25,25,6
42,8.978004486499096,8.232726371122444,9.802771484148613,7.16722686017045,6.765468375336241,7.6080557451306605,21.867683332764447,15.882674451653816,27.58740020920498,329.96,330.0,25,25,8
43,6.077681811541328,5.03638511118853,7.29264064668915,5.224149792086548,4.462843157453016,6.1297739307329016,40.998898799599154,32.801728881580175,48.3078619222659,327.2,330.0,25,23,8
44,,,,7.516118879196115,6.639352267091521,8.479814959034652,23.34271976144829,15.88040804875479,31.036865167083942,316.68,329.0,25,22,8
45,7.835578152333676,7.593512535681071,8.113717969952177,6.3028478801298675,5.922152139735028,6.731901108150115,32.90116283373984,26.221513660774697,38.75534972115571,329.44,330.0,25,25,10
46,11.05485355975671,10.422432733296414,11.640099326916742,8.406419190354327,8.019602477352331,8.734555331232986,17.224512028453685,11.377695327650667,22.785090884304743,329.96,330.0,25,25,12
47,9.128365456764913,7.27491717026027,11.208813211668302,6.442121898874604,5.669082033574286,7.298998786895698,27.97968294094669,20.387976746701213,35.709526518577164,327.72,330.0,25,24,6
48,7.309481889606758,6.963076923076575,7.996815286624202,5.556127983864754,5.027492208330456,6.0808270066613135,22.69964519332455,15.255132749570086,30.02683641845673,232.68,261.0,25,3,7
49,7.141059236991169,6.778830032446254,7.54292542508008,5.730544660246713,5.382526154050473,6.126268471452312,9.462179017589701,2.7108461700471156,16.53815365485832,329.92,330.0,25,25,7
50,5.784915946814417,4.985440149174139,6.501574723888939,4.549768037034882,4.048309410360708,5.000830702293724,48.730691316279284,44.23506964932584,53.821291509656206,329.4,330.0,10,10,6
51,10.321023682707308,8.711066362135593,12.46565974112927,7.391901390672141,6.661680180143372,8.25898889543708,27.889782160774406,21.860897727449835,33.29638535565959,329.12,330.0,25,25,8
52,10.522394636771226,9.446402516140331,11.634050158227755,8.298680370824393,7.627643681869975,8.984568178668413,17.5805940717657,10.605126118529617,24.859141225889005,329.88,330.0,25,25,9
53,5.8290413071839176,5.52352122314974,6.134758386004403,3.648614556090962,3.5691283688527613,3.723067130759611,13.15922045543366,5.290664936845316,23.079835121165527,328.8421052631579,329.0,19,19,6
54,8.291869308527428,7.1429274323791505,9.750438098067807,6.384670040974511,5.868027160946788,7.03367071310798,28.322450410416113,23.761913682845204,32.13323572013721,300.0,315.0,25,13,7
55,8.582803505288245,8.13005748666625,9.022889990673134,6.854096411553017,6.527077711096396,7.159099339524242,21.52163936035356,15.96445612374044,26.59955166616134,330.0,330.0,25,25,9
56,5.939076528094096,5.349740544280262,6.530740236545016,4.581030250428687,4.200626964875382,4.9636937767326,35.66995837863501,26.796550097224404,44.05410885223345,328.84,330.0,25,25,5
57,10.758870666268914,10.056588491869798,11.414756533203533,7.900821637727656,7.283164416225853,8.388170542307229,18.237700085861135,11.597397017720734,24.95404336370795,328.36,330.0,25,24,11
58,6.4932469860017825,5.658297548863934,7.426911008179835,4.567550410542083,3.935002583407309,5.282521135724622,39.590574209950404,21.387722193295332,60.915581047145636,317.2,330.0,20,19,6
59,11.423162813544993,9.350802782850266,14.117448286157774,7.994874197055824,7.298799014623054,8.706215848457795,14.245846154174695,8.977409408239978,20.08214490697681,281.08,294.0,25,11,10
60,5.1411491149157,4.509386635993209,5.814867015583449,4.121077514619441,3.6362817075835903,4.634646883140347,48.681589996514184,40.55838886504328,56.23124103335295,330.0,330.0,25,25,4
61,6.683787129920356,5.394813622887625,7.977513040928951,5.205978657887074,4.408650889928496,5.96326569229076,23.08051692240044,13.16588886228849,33.733320847124745,243.0,329.0,15,10,6
62,11.453191395638834,9.002381063486036,14.870388058790931,7.8349227353857485,6.587946406527295,9.443772449115311,14.39571949128135,6.866822937347403,22.76786380943838,314.0416666666667,326.0,24,21,8
63,8.436192744082232,7.446657613430759,9.42549233672757,6.385310658217688,5.774117127719444,6.973312070407497,13.127128376297323,6.303562158918762,20.51430593351347,329.96,330.0,25,25,8
64,7.969325674774087,6.607275257695391,9.458424535677844,5.848339059041236,5.045318269674083,6.627184760015244,27.652841545817736,17.16069958672444,37.58929219107672,327.16,330.0,25,24,7
65,7.395773977188091,7.073815652714932,7.717736998692942,6.21273145527257,5.964658433383522,6.469497176645663,23.026792886430755,17.230954547939938,28.588550282503945,330.0,330.0,25,25,8
66,3.96,3.88,4.0,3.596456887444827,3.487503179274888,3.6898228160868727,44.81492607019732,36.619438884959095,51.57422009331865,329.96,330.0,25,25,4
67,16.69282263450416,15.75766321490559,17.678369493669784,11.025828716863103,10.291544644426518,11.697668053620676,10.843731502565923,6.438040540837559,15.641241154912443,328.56,330.0,25,24,17
68,10.530421097833361,9.668620428904745,11.358143434097299,7.514668944773247,6.951598771044778,8.036320928464896,12.996454731850504,6.893321059782645,19.76834624924322,329.68,330.0,25,25,11
69,8.505815519743347,7.889938846383342,9.2222008607321,6.279650097231655,5.867332935766694,6.7358351229927065,25.73776246579563,18.783805252110596,32.48442353682266,319.12,330.0,25,21,8
70,15.908380431161461,15.908380431161461,15.908380431161461,5.745324361556867,5.151712357342185,6.405434043242312,16.089088916796644,4.649415756424516,32.59096862459534,202.24,200.0,25,1,9
71,8.902890752790569,8.461326798347198,9.330195453923835,6.203024010244056,5.803188412120608,6.5942054406644495,3.501041871782805,0.7766949200350756,7.637000266096844,329.96,330.0,25,25,10
72,9.947435759950627,8.940590232735186,11.03482404055934,6.754222718823322,6.292152719360663,7.225360292741441,21.052466400349918,13.256963066052272,28.97368158704637,327.64,330.0,25,23,11
73,5.102379704312089,4.55268375803402,5.713683088612369,4.1096618765768085,3.657266248209551,4.589444732020474,35.604374189213466,20.494902841958194,54.049012455203616,330.0,330.0,18,18,6
74,4.0,4.0,4.0,3.9499101627674507,3.9308866545662786,3.9684025487324552,44.54862209433763,38.166238941221124,50.419520817684635,329.48,330.0,25,25,4
75,7.636418605534601,7.239691819650743,8.070900403962566,6.237052137148959,5.870657789313301,6.593601365848742,14.89254489599849,8.42202792762156,22.26352511603053,329.44,330.0,25,25,8
76,7.543291013021254,6.785036370240106,8.25906035637715,6.0701065824192275,5.526861030553465,6.555339225120138,28.55379429393617,22.76701493292252,34.340510919322035,329.88,330.0,25,25,8
77,3.446499477508332,3.2740856844220567,3.6206896551303354,2.8450650590148188,2.780924001443838,2.9160810884652077,47.975192568434004,36.28372832289202,59.6732200548986,329.7241379310345,330.0,29,29,4
78,9.474876540879597,8.499563290199394,10.592606321005258,7.42882311064795,6.913853472597791,7.8395799060767155,27.85338865462536,16.319808743345416,35.506548130583425,329.0,330.0,6,6,9
79,6.789696764787896,6.467636362561863,7.111808876370456,5.575770022424463,5.354425936988313,5.834907919400993,39.96711602858225,34.99288754268241,44.4239072121336,329.84,330.0,25,25,7
80,9.651880369941273,8.983378992991309,10.368722528438736,5.542846313481013,5.205682216221132,5.909798592054728,30.26757104393339,21.748203930488373,38.489703187000615,323.28,330.0,25,22,10
81,6.4902674777505185,6.094848484131969,6.8908380431246,5.409014160794356,5.176401782140928,5.647925691462367,28.926065441211524,22.097000983203692,35.23536357397343,289.5833333333333,299.0,24,10,6
82,6.289417286750801,5.789676397548053,6.79718138116289,4.682711203076688,4.27062398291868,5.102615734495103,25.803766909125336,15.680849887739535,36.74729773681847,330.0,330.0,20,20,6
83,7.831189572021917,6.906043864179249,8.834845248122283,6.372859896905889,5.576902532697299,7.307443403701578,14.993898845612934,7.252863323490866,23.948959853934504,329.64285714285717,330.0,14,14,9
84,13.346846817016853,11.949088773984794,14.713904542829065,9.132001474610956,8.367890002053949,9.950195294801413,20.366353686860542,14.553994336202397,26.166635368532592,324.56,330.0,25,22,12
85,6.747221767102373,6.4312926632537515,7.064961279093583,4.635398451197914,4.48221849921334,4.790793973118383,39.37518165529524,30.240405838665485,47.517895443596196,330.0,330.0,25,25,7
86,12.979907407668316,11.908847272390103,14.009038752808129,8.31902098451856,7.724299624614881,8.872369491089833,9.009031561574272,4.616943095118,13.49506237123612,329.36,330.0,25,25,13
87,6.399618260964533,6.040784186179151,6.758687809766983,5.673694912406754,5.400441290975233,5.958384777448756,31.836167684036724,25.558955512732947,37.43624918402695,310.92,330.0,25,22,7
88,9.86735942038453,8.928838395149238,10.978664130432424,7.0225849145630805,6.649664409397804,7.405485602759728,10.891971467692846,5.098197063564555,17.36027728406791,311.0833333333333,328.0,24,21,8
89,7.226623105764937,6.6112937837865955,7.8450063329963085,5.784698677700994,5.4345486866053205,6.1584958807523815,38.10712904899513,35.071488037822974,40.837075928511766,314.61538461538464,329.0,26,21,6
90,6.77122486028331,6.519172558150986,6.986450277220639,5.479292893094833,5.249374128084097,5.713624930211408,30.545859627795007,23.25806608839953,37.143232342314555,326.4,330.0,25,23,7
91,13.798007256957414,11.949640374621948,16.17460478899312,8.546768918416529,7.1928161122484235,10.037320540682083,12.220827065322291,3.871658020892031,23.170000043553205,318.0,330.0,8,7,14
92,7.49383968552101,6.333333333333331,8.660506352185218,6.750832047382329,5.462238334232736,8.197020148580956,19.888910182725024,7.955985490348063,32.08186279075825,298.55555555555554,320.0,9,6,11
93,6.99606823193481,6.25,7.746066331024556,5.27068685470723,4.746692880527642,5.806610739450627,24.304737276710053,10.212446851278214,38.397027702141884,311.3333333333333,320.0,6,4,7
94,6.47979479724313,6.1596944757319685,6.839790023081534,5.848902831174337,5.5366334006140425,6.179767371080757,35.64463001386797,30.851807791356983,39.6601434859874,330.0,330.0,25,25,7
95,9.01287550858483,8.423282071067343,9.601280454468235,7.026095306164449,6.684843674600878,7.380322844120262,19.820215784349106,13.38865939993358,26.155369292945434,325.9230769230769,330.0,26,25,8
96,5.957045957617456,5.798523076912392,6.075569230747663,4.947065198433648,4.798357412050317,5.067544694415533,37.13868401832971,31.19736663183936,42.56517047475339,329.56,330.0,25,25,7
97,5.904437751224358,5.0672069806631,6.822119464331084,4.141823399392157,3.776926291658075,4.529564243896553,22.120069239045932,12.862075643113599,32.04660632549677,329.92,330.0,25,25,7
98,8.776919293203944,8.255154165588367,9.344963350454147,6.575055767048327,6.177580895971455,6.979931315611955,17.33779643023051,10.67877466131226,24.401929153820547,329.92,330.0,25,25,9
99,4.713378684807256,4.285714285714286,4.999092970521542,3.6731852820540265,3.4507480222432214,3.887470966444241,31.800844982758825,20.614433121263815,43.582749272109304,318.68,330.0,25,22,5
100,5.673508162523713,5.353605875856884,5.91547332240646,4.674484218140709,4.312062599297214,5.011550660995836,40.96933435126838,32.35962662897355,49.22205816457596,329.96,330.0,25,25,6
101,7.147226928137247,6.8273096902255155,7.463241836215236,6.03718831149082,5.684225907915627,6.385319092346548,27.850653753677012,22.469436104944826,32.66218291010966,329.92,330.0,25,25,8
102,5.471905171836175,4.957961534129204,5.994667946708882,4.484235216940469,4.1931248389985365,4.801369626975562,25.64817212610133,16.682428542531213,34.41857320470466,329.64,330.0,25,25,5
103,9.889472416205457,8.219847838338701,11.860078913117572,7.206614470959658,6.257372172598644,8.214062611663364,20.13183910260315,12.35094762718658,28.589272490018338,329.8695652173913,330.0,23,23,8
104,3.195889310481941,3.04,3.353723909717681,2.9116624053289404,2.8637479726400934,2.966447961347632,64.2932391225571,58.587547605884396,67.59306696668622,329.96,330.0,25,25,3
105,3.0,3.0,3.0,2.7850001246241294,2.7567825909390518,2.814075370805435,31.255032200236492,19.97097384701027,43.54187180836804,329.4074074074074,330.0,27,27,3
106,11.34083678009872,11.016702679585427,11.625092783052486,8.875303207147324,8.554661382532545,9.17350169755426,21.251940696001007,15.400133077493368,26.50728494706616,329.92,330.0,25,25,12
107,6.127240051297152,5.705494678329384,6.54723324053365,5.224553704364414,4.999288302817434,5.467856973026351,29.171178778182544,21.510625374527947,35.98204171983111,312.4,329.0,25,21,5
108,6.73801658224309,6.450518235807369,7.021943361310391,5.413708743141595,5.19544099529251,5.624638799150656,30.44463112912766,23.658882197228284,36.39216190650969,326.2,329.0,25,24,6
109,7.677087291621682,6.903533544031638,8.53967731876811,5.551298670638669,5.1657282896548615,5.985657984437205,31.884497718329495,24.29146768080643,38.86214240834388,327.48,330.0,25,24,7
110,7.829573639226689,7.4758601502672475,8.151780701534403,6.426633179669179,6.18830393993521,6.649117794449629,34.9408845818577,29.12243918045304,39.58875637238495,329.92,330.0,25,25,8
