language_id,language_K,mean_rarefied_speaker_K,boot_K_lo,boot_K_hi,mean_effective_categories,boot_eff_lo,boot_eff_hi,mean_information_efficiency,boot_info_lo,boot_info_hi,mean_valid_chips,median_valid_chips,n_speakers,n_rarefaction_eligible
1,7.0,6.677734191172707,6.395678058294751,6.959894626472795,5.811701797168931,5.490347504178609,6.142480357707918,0.2863514720564959,0.2720261759094523,0.30003647472056233,330.0,330.0,25,25
2,6.0,9.118054960846031,7.935215977803946,10.317896667690917,7.248628791318697,6.407143458903926,8.096054579677356,0.3692121009999851,0.3393436438794796,0.39671491719400326,321.4583333333333,326.5,24,20
3,11.0,13.744436470979185,10.990705081686063,16.64930977175579,9.415303864556035,8.031913265660679,10.916630041124797,0.3876456042516904,0.3536811257665016,0.4217221022314034,307.52,324.0,25,16
4,10.0,9.349147109188655,8.747054268600941,9.977512689253377,7.190406607155434,6.76871735958008,7.618272644583086,0.37307162005497585,0.3559469800569484,0.389970890316526,329.42857142857144,330.0,35,35
5,7.0,7.33331423804763,6.9999999998773985,7.999942714265494,6.667906335961671,6.373575512802104,6.963823301238146,0.39906092716920144,0.36887974586579714,0.43141649317768604,330.0,330.0,6,6
6,10.0,9.963404962395549,8.85229809249298,11.319431097658843,7.574865962423951,6.9209298462275175,8.277324383902881,0.37343078647749295,0.35436916688669146,0.3926056991975783,326.7037037037037,330.0,27,25
7,15.0,13.925661519313502,13.324064424827684,14.56782103323567,10.298131611715744,9.769542268594774,10.829558316890907,0.488633151773511,0.4755620198693113,0.5001639480216662,330.0,330.0,25,25
8,7.0,7.204864582458818,6.727920985348551,7.920129992902032,6.182725085286324,5.888064485922104,6.491125484128732,0.3409422374166505,0.3233562856620252,0.3582881264819077,329.96,330.0,25,25
9,7.0,6.703510630815466,6.42287975192484,6.959409042774806,5.371076435998736,5.20134752020389,5.539612272138808,0.31095237715861046,0.2946200589845116,0.32630689482076153,327.03333333333336,330.0,30,28
10,6.0,7.999999956743096,7.999999956743096,7.999999956743096,5.3721000988296,4.9658235013661285,5.801435516806931,0.2736521080126959,0.25648598834662656,0.29218843367694286,327.68,330.0,25,24
11,7.0,7.073708608027524,6.753804194278153,7.433510498311873,6.312469551706313,5.977646259800346,6.649013650946651,0.3543824318365405,0.32871940222505064,0.37825592319933354,329.96,330.0,25,25
12,5.0,4.9579344108403385,4.833812883230026,5.079995016900936,4.48484918355707,4.2892106760393345,4.645907502287091,0.32035731210647783,0.3038084843900508,0.3358428499076701,330.0,330.0,25,25
13,7.0,8.188449037943581,7.405390211755801,9.085132151644842,6.287944070168595,5.788083052989333,6.830898158931697,0.3414840458091921,0.3121081708041085,0.3693192368232046,329.8,330.0,25,25
14,4.0,4.461344775465676,3.5979388004095405,5.634344909098281,3.6421326789771,3.2453624306347324,4.110278578982261,0.2306315339358754,0.21241586015416183,0.2499623435743515,329.96,330.0,25,25
15,9.0,8.073008991832554,7.630966380055187,8.510667226872046,5.956510393942584,5.620497375704479,6.29175581764298,0.34222237909236697,0.32266185395645586,0.3617665519093756,329.96,330.0,25,25
16,6.0,6.593508356515141,6.313617627055889,6.871783982781577,5.605836979932999,5.432342679939636,5.784011907238188,0.32290543863704185,0.29966857760894483,0.34595132506915505,330.0,330.0,25,25
17,17.0,15.274206828606754,14.547606196128424,16.061703372373227,11.359680948869139,10.742473079976863,11.979375149176175,0.5013851819452814,0.4789963125921716,0.520952984302479,328.56666666666666,330.0,30,30
18,8.0,7.660206299511633,7.019533472287477,8.324045778332389,5.751600493848523,5.297200859940062,6.199756067663851,0.2191314624436108,0.190055233778196,0.24831801141375473,329.44,330.0,25,25
19,13.0,12.12831332725197,11.34486541293086,12.884085754549558,8.608710701116642,8.284538313725784,8.945289393125693,0.46176354822973925,0.4494951963176166,0.4735302594651465,329.2,330.0,25,25
20,8.0,8.518717837561296,7.251355000628013,10.513023657919975,6.128421921782688,5.2393540664442115,7.285219534617531,0.3926095700812594,0.3674463496645479,0.42152998264902874,328.72727272727275,329.0,11,11
21,7.0,6.2756727921760795,6.035777986361083,6.553509389915441,4.544428668378773,4.295019795928521,4.787934614767238,0.31485629076605837,0.2999676936794964,0.3277943981029389,329.92,330.0,25,25
22,7.0,7.033645167215919,6.5340293019701585,7.615369439712835,5.19867941758385,5.020670851494406,5.385606195061423,0.3295429519533711,0.30513091785880825,0.3534119967916857,323.44,330.0,25,22
23,4.0,4.039995417141239,4.0,4.119986251423719,3.812963775280935,3.722602856238958,3.8923395318625578,0.20790487535955737,0.17885233587678387,0.235829246728964,329.96,330.0,25,25
24,12.0,10.703300570575784,10.26067037690003,11.145938357043294,8.564957996181054,8.27857535872689,8.882813600388998,0.46783400564164795,0.45070509512474743,0.4825146110981153,330.0,330.0,25,25
25,7.0,6.997730163588887,6.993512110030043,6.999990209763494,4.926073672296743,4.850611271850119,5.007290055788259,0.36183525955055773,0.3531523181896912,0.36979669412203425,329.88,330.0,25,25
26,7.0,7.0,7.0,7.0,5.343948520666565,5.055123794821451,5.5882045572097585,0.3385267310021197,0.3134171875342274,0.3580465154588406,322.8,328.0,25,21
27,17.0,14.633203740926284,13.285471037563044,15.952389761188002,11.045845547285051,10.121995192151006,11.919231800635313,0.4774448145410912,0.4551914729887816,0.4982392988795378,326.32,328.0,25,24
28,9.0,8.66198181068922,7.985489651918821,9.425422267258215,6.940937876379809,6.382882891862342,7.579729983422473,0.3657726831028477,0.33428239308452856,0.397373965460459,328.76,330.0,25,25
29,7.0,6.589596757563165,6.31381567651483,6.861254121186935,5.449576749999326,5.25354997615296,5.653406021850663,0.3789289636888566,0.3670081730883562,0.38958706206753446,329.92,330.0,25,25
30,6.0,5.719899788154796,5.52,5.879999999999679,5.232768191871344,5.01839661191628,5.450080716270808,0.36826911827220676,0.3560159146697651,0.38071437707489825,330.0,330.0,25,25
31,5.0,,,,4.7850098791823,4.426300548358649,5.081985402399669,0.49171382145744547,0.46212741424987747,0.5171136344432062,48.92,34.0,25,0
32,5.0,6.475348096428603,5.668775512874263,7.32728529397082,4.845570919489714,4.385245179267164,5.336218787764635,0.2642300786260144,0.24521236466257482,0.2835380181772898,322.76,329.0,25,22
33,7.0,7.0,7.0,7.0,6.397210472511183,6.363823302771982,6.42687574393532,0.3456280347983386,0.3299896127060316,0.35991432395020384,329.48,330.0,25,25
34,11.0,9.691412963237097,8.777009838231088,10.569744878049752,7.914532687971559,7.2673054249660165,8.575137418305555,0.3840370597148047,0.3576469927568221,0.41032226652375925,327.92,330.0,25,24
35,9.0,7.793612818855726,7.0757712737075,8.465263209240387,6.716261489525876,6.066050096901982,7.28312020893075,0.3912757459468728,0.3628787343634227,0.41705939949459553,329.92,330.0,25,25
36,3.0,3.2357739853505847,3.0,3.549482789605746,2.828465184416822,2.7646382724817204,2.8995403148586245,0.231274144700139,0.22433298916426944,0.2387927315215419,329.92,330.0,25,25
37,7.0,7.35145423970546,6.913603499468661,7.827128603241539,5.869452692087517,5.614981282246216,6.11074124785166,0.36010557518140873,0.34343096918596705,0.3765687482569666,329.8,330.0,25,25
38,10.0,11.250200205221345,10.851987948081547,11.718641758261994,7.845409103836581,7.711449970958063,7.9855880971095905,0.24076640598093585,0.20408983913790205,0.2800679109580007,322.39285714285717,328.5,28,25
39,9.0,9.362687998138085,8.661136815388096,10.04960317403408,7.562610341634694,7.114167595839083,7.991801744894794,0.37903412591331787,0.35972691947556706,0.3985468601155345,330.0,330.0,25,25
40,7.0,7.03041799764103,6.7632866976111545,7.2633171590357435,5.717338992710645,5.427714567765239,6.024570082429947,0.36905586849497146,0.352117186296074,0.3857814296770036,327.8888888888889,330.0,27,26
41,6.0,6.947216195060974,6.66721462944362,7.2652714236829725,5.153979818781217,4.9683697917194145,5.3459735210145505,0.35503367889329496,0.3428698084904716,0.36832457960662635,330.0,330.0,25,25
42,8.0,8.978004486499096,8.232726371122444,9.802771484148613,7.167226860170449,6.765468375336241,7.6080557451306605,0.3578641297170186,0.3252586425155584,0.3893020721345415,329.96,330.0,25,25
43,8.0,6.077681811541328,5.03638511118853,7.29264064668915,5.224149792086548,4.462843157453016,6.1297739307329016,0.3390769680859024,0.2981734193880826,0.38223584247133374,327.2,330.0,25,23
44,8.0,,,,7.516118879196115,6.639352267091521,8.479814959034654,0.33594739862429174,0.3031425256235771,0.36726841242539826,316.68,329.0,25,22
45,10.0,7.835578152333676,7.593512535681071,8.113717969952177,6.3028478801298675,5.922152139735028,6.731901108150115,0.423654905548126,0.4057233778458029,0.44290808387125186,329.44,330.0,25,25
46,12.0,11.05485355975671,10.422432733296414,11.640099326916742,8.406419190354327,8.019602477352331,8.734555331232984,0.4523451749143492,0.43628706339282386,0.46657625289883775,329.96,330.0,25,25
47,6.0,9.128365456764913,7.27491717026027,11.208813211668302,6.442121898874603,5.669082033574286,7.298998786895697,0.36935028388310215,0.35350812780006274,0.3842558059730597,327.72,330.0,25,24
48,7.0,7.309481889606758,6.963076923076575,7.996815286624202,5.556127983864754,5.027492208330456,6.0808270066613135,0.40942770257260896,0.3789710930225328,0.43729051584586587,232.68,261.0,25,3
49,7.0,7.141059236991169,6.778830032446254,7.54292542508008,5.730544660246714,5.382526154050473,6.126268471452312,0.21270626412449467,0.16643779084639346,0.25619133610141764,329.92,330.0,25,25
50,6.0,5.784915946814417,4.985440149174139,6.501574723888939,4.549768037034882,4.048309410360708,5.000830702293725,0.3256284391706989,0.2948761702426953,0.35169256172048224,329.4,330.0,10,10
51,8.0,10.321023682707308,8.711066362135593,12.46565974112927,7.391901390672141,6.661680180143372,8.258988895437078,0.37312344798620345,0.346378948638388,0.3986222854183177,329.12,330.0,25,25
52,9.0,10.522394636771226,9.446402516140331,11.634050158227755,8.298680370824394,7.627643681869975,8.984568178668413,0.4170727044648473,0.39777926096868566,0.4354878092413373,329.88,330.0,25,25
53,6.0,5.8290413071839176,5.52352122314974,6.134758386004403,3.648614556090962,3.5691283688527613,3.723067130759612,0.2201933689405815,0.21304767681226333,0.22711839735696032,328.8421052631579,329.0,19,19
54,7.0,8.291869308527428,7.1429274323791505,9.750438098067807,6.384670040974511,5.868027160946788,7.03367071310798,0.37513279126558013,0.35470809406782866,0.39434916242425805,300.0,315.0,25,13
55,9.0,8.582803505288245,8.13005748666625,9.022889990673134,6.854096411553017,6.527077711096395,7.159099339524242,0.34010308090151925,0.3218401705387712,0.35733431322095577,330.0,330.0,25,25
56,5.0,5.939076528094096,5.349740544280262,6.530740236545016,4.581030250428687,4.200626964875383,4.9636937767326,0.28303531409358446,0.2659224694257707,0.3002913138894874,328.84,330.0,25,25
57,11.0,10.758870666268914,10.056588491869798,11.414756533203533,7.900821637727656,7.283164416225852,8.388170542307227,0.4224578589188337,0.39313622434264117,0.4473788939392984,328.36,330.0,25,24
58,6.0,6.4932469860017825,5.658297548863934,7.426911008179835,4.567550410542083,3.935002583407309,5.282521135724621,0.23717048373205213,0.19132907219631856,0.28062680341503987,317.2,330.0,20,19
59,10.0,11.423162813544993,9.350802782850266,14.117448286157774,7.994874197055826,7.298799014623054,8.706215848457795,0.4024145995195223,0.37481289723782435,0.4339158733542375,281.08,294.0,25,11
60,4.0,5.1411491149157,4.509386635993209,5.814867015583449,4.121077514619442,3.6362817075835903,4.634646883140347,0.25343117186521924,0.22610358796888116,0.28167582091384064,330.0,330.0,25,25
61,6.0,6.683787129920356,5.394813622887625,7.977513040928951,5.205978657887073,4.408650889928497,5.96326569229076,0.3131872998266462,0.27321437268611726,0.3590212557921209,243.0,329.0,15,10
62,8.0,11.453191395638834,9.002381063486036,14.870388058790931,7.8349227353857485,6.587946406527296,9.443772449115313,0.34453994600215654,0.3201315294219517,0.3709488977426076,314.0416666666667,326.0,24,21
63,8.0,8.436192744082232,7.446657613430759,9.42549233672757,6.385310658217688,5.774117127719445,6.973312070407496,0.24854536102675318,0.21369476336772947,0.2799051376881467,329.96,330.0,25,25
64,7.0,7.969325674774087,6.607275257695391,9.458424535677844,5.848339059041236,5.045318269674082,6.627184760015243,0.33464986576135913,0.3012537616678705,0.36767036279609744,327.16,330.0,25,24
65,8.0,7.395773977188091,7.073815652714932,7.717736998692942,6.21273145527257,5.964658433383521,6.469497176645662,0.330152297459309,0.31479931395585653,0.34644697064946506,330.0,330.0,25,25
66,4.0,3.96,3.88,4.0,3.596456887444827,3.487503179274888,3.6898228160868727,0.2681588252852354,0.2554433066483293,0.28041009383394394,329.96,330.0,25,25
67,17.0,16.69282263450416,15.75766321490559,17.678369493669784,11.025828716863103,10.291544644426518,11.697668053620676,0.4765851562288945,0.4600852199080391,0.49356538883418016,328.56,330.0,25,24
68,11.0,10.530421097833361,9.668620428904745,11.358143434097299,7.514668944773247,6.951598771044779,8.036320928464898,0.39866533132786025,0.37551371917563897,0.42136488534762173,329.68,330.0,25,25
69,8.0,8.505815519743347,7.889938846383342,9.2222008607321,6.279650097231655,5.867332935766693,6.7358351229927065,0.3432792215582465,0.3143463135742275,0.371190158756701,319.12,330.0,25,21
70,9.0,15.908380431161461,15.908380431161461,15.908380431161461,5.745324361556867,5.151712357342185,6.405434043242312,0.39382616390752573,0.37396941776709547,0.41518539264185034,202.24,200.0,25,1
71,10.0,8.902890752790569,8.461326798347198,9.330195453923835,6.203024010244056,5.803188412120608,6.5942054406644495,0.3687306775005503,0.34812051196353044,0.3882835000998498,329.96,330.0,25,25
72,11.0,9.947435759950627,8.940590232735186,11.03482404055934,6.754222718823322,6.292152719360663,7.225360292741441,0.40135582984763407,0.38264551355464804,0.41883193370143934,327.64,330.0,25,23
73,6.0,5.102379704312089,4.55268375803402,5.713683088612369,4.1096618765768085,3.657266248209551,4.589444732020473,0.22228260529955263,0.19515478974315448,0.24785410635416472,330.0,330.0,18,18
74,4.0,4.0,4.0,4.0,3.9499101627674507,3.9308866545662786,3.9684025487324552,0.2804247131663309,0.27103135445171084,0.28986875203673995,329.48,330.0,25,25
75,8.0,7.636418605534601,7.239691819650743,8.070900403962566,6.237052137148959,5.870657789313301,6.593601365848742,0.371711016836508,0.3456229553301941,0.39543423716456905,329.44,330.0,25,25
76,8.0,7.543291013021254,6.785036370240106,8.25906035637715,6.0701065824192275,5.526861030553465,6.555339225120138,0.31061252758183927,0.2800225833848067,0.3391186525139071,329.88,330.0,25,25
77,4.0,3.446499477508332,3.2740856844220567,3.6206896551303354,2.8450650590148188,2.780924001443838,2.9160810884652077,0.2048727526437754,0.1916927983118298,0.2167502681112642,329.7241379310345,330.0,29,29
78,9.0,9.474876540879597,8.499563290199394,10.592606321005258,7.428823110647948,6.9138534725977925,7.8395799060767155,0.43937337465535425,0.40566774598587824,0.472814488757588,329.0,330.0,6,6
79,7.0,6.789696764787896,6.467636362561863,7.111808876370456,5.575770022424462,5.354425936988313,5.834907919400993,0.39282000842830045,0.37221547514385694,0.41064155767689,329.84,330.0,25,25
80,10.0,9.651880369941273,8.983378992991309,10.368722528438736,5.542846313481013,5.205682216221132,5.909798592054728,0.35603793116036875,0.3434633904157988,0.369648625954647,323.28,330.0,25,22
81,6.0,6.4902674777505185,6.094848484131969,6.8908380431246,5.4090141607943565,5.176401782140928,5.647925691462367,0.39833814679197954,0.3757000026535873,0.41990953037861356,289.5833333333333,299.0,24,10
82,6.0,6.289417286750801,5.789676397548053,6.79718138116289,4.682711203076688,4.27062398291868,5.102615734495103,0.3082219315409647,0.2778334013442906,0.33678592301854976,330.0,330.0,20,20
83,9.0,7.831189572021917,6.906043864179249,8.834845248122283,6.372859896905889,5.576902532697299,7.307443403701578,0.3048975799365028,0.2579303097750075,0.3440167594702379,329.64285714285717,330.0,14,14
84,12.0,13.346846817016853,11.949088773984794,14.713904542829065,9.132001474610956,8.367890002053947,9.950195294801409,0.43405163823663384,0.41377162829453695,0.4541180505050466,324.56,330.0,25,22
85,7.0,6.747221767102373,6.4312926632537515,7.064961279093583,4.635398451197914,4.48221849921334,4.790793973118383,0.3414073269693246,0.3294185590113076,0.3538060166226698,330.0,330.0,25,25
86,13.0,12.979907407668316,11.908847272390103,14.009038752808129,8.319020984518556,7.724299624614879,8.872369491089831,0.34701927628244184,0.3318538388011214,0.3615009180330052,329.36,330.0,25,25
87,7.0,6.399618260964533,6.040784186179151,6.758687809766983,5.673694912406754,5.400441290975234,5.958384777448756,0.34705071675244425,0.32670845450938807,0.3718057057913656,310.92,330.0,25,22
88,8.0,9.86735942038453,8.928838395149238,10.978664130432424,7.0225849145630805,6.649664409397805,7.405485602759728,0.38975075285606264,0.3732543610956351,0.4064101023093961,311.0833333333333,328.0,24,21
89,6.0,7.226623105764937,6.6112937837865955,7.8450063329963085,5.784698677700994,5.4345486866053205,6.158495880752384,0.37311414052852343,0.359541052638513,0.3873649806451291,314.61538461538464,329.0,26,21
90,7.0,6.77122486028331,6.519172558150986,6.986450277220639,5.479292893094833,5.249374128084095,5.71362493021141,0.35614101987546043,0.33580159388037834,0.3755765143951296,326.4,330.0,25,23
91,14.0,13.798007256957414,11.949640374621948,16.17460478899312,8.546768918416529,7.192816112248423,10.037320540682082,0.41801679809069114,0.3916232380774589,0.44518618298878343,318.0,330.0,8,7
92,11.0,7.49383968552101,6.333333333333331,8.660506352185218,6.75083204738233,5.462238334232736,8.197020148580958,0.3827420311371081,0.35440156335473877,0.41284636745982883,298.55555555555554,320.0,9,6
93,7.0,6.99606823193481,6.25,7.746066331024556,5.27068685470723,4.746692880527642,5.806610739450627,0.33325160939965404,0.3110181929976364,0.35200075333903313,311.3333333333333,320.0,6,4
94,7.0,6.47979479724313,6.1596944757319685,6.839790023081534,5.848902831174337,5.5366334006140425,6.179767371080757,0.3742055546781392,0.35580716177909794,0.3923961130293456,330.0,330.0,25,25
95,8.0,9.01287550858483,8.423282071067343,9.601280454468235,7.02609530616445,6.684843674600878,7.380322844120263,0.38545976569113,0.3701455901575743,0.39959350770557883,325.9230769230769,330.0,26,25
96,7.0,5.957045957617456,5.798523076912392,6.075569230747663,4.947065198433648,4.798357412050317,5.067544694415533,0.32441830115452047,0.31000932845723983,0.3378341742662615,329.56,330.0,25,25
97,7.0,5.904437751224358,5.0672069806631,6.822119464331084,4.141823399392157,3.776926291658075,4.529564243896553,0.19867220233993949,0.16657026269285333,0.22776841672180967,329.92,330.0,25,25
98,9.0,8.776919293203944,8.255154165588367,9.344963350454147,6.575055767048327,6.177580895971455,6.979931315611955,0.377899224178538,0.35973235965451106,0.3967034519373921,329.92,330.0,25,25
99,5.0,4.713378684807256,4.285714285714286,4.999092970521542,3.6731852820540265,3.4507480222432214,3.8874709664442415,0.2942362957739115,0.2685695333470098,0.31673964977438657,318.68,330.0,25,22
100,6.0,5.673508162523713,5.353605875856884,5.91547332240646,4.674484218140709,4.312062599297214,5.011550660995836,0.3163802108576631,0.2937828329890588,0.33806644298712213,329.96,330.0,25,25
101,8.0,7.147226928137247,6.8273096902255155,7.463241836215236,6.03718831149082,5.684225907915627,6.385319092346548,0.32409923908701105,0.30425245403493084,0.3430154006611343,329.92,330.0,25,25
102,5.0,5.471905171836175,4.957961534129204,5.994667946708882,4.484235216940469,4.1931248389985365,4.801369626975563,0.2592878996709564,0.23940871975154168,0.2790498902703914,329.64,330.0,25,25
103,8.0,9.889472416205457,8.219847838338701,11.860078913117572,7.206614470959657,6.257372172598642,8.214062611663364,0.3509522503332843,0.3181647063891692,0.38049622250723336,329.8695652173913,330.0,23,23
104,3.0,3.195889310481941,3.04,3.353723909717681,2.9116624053289404,2.8637479726400934,2.966447961347631,0.2572893384046203,0.2512223821680655,0.26346756571190294,329.96,330.0,25,25
105,3.0,3.0,3.0,3.0,2.7850001246241294,2.7567825909390513,2.814075370805435,0.15089587982361788,0.1337767294874894,0.16799627983661644,329.4074074074074,330.0,27,27
106,12.0,11.34083678009872,11.016702679585427,11.625092783052486,8.875303207147324,8.554661382532545,9.173501697554261,0.4674973808304548,0.44954074774752517,0.484040329793748,329.92,330.0,25,25
107,5.0,6.127240051297152,5.705494678329384,6.54723324053365,5.224553704364413,4.999288302817434,5.467856973026351,0.3319471589977951,0.3138632590294469,0.3513861293037918,312.4,329.0,25,21
108,6.0,6.73801658224309,6.450518235807369,7.021943361310391,5.413708743141595,5.19544099529251,5.624638799150657,0.3499435800284872,0.3342878827582903,0.36320250478186417,326.2,329.0,25,24
109,7.0,7.677087291621682,6.903533544031638,8.53967731876811,5.551298670638669,5.1657282896548615,5.985657984437205,0.3627230260489641,0.34694994593241063,0.38009236089274323,327.48,330.0,25,24
110,8.0,7.829573639226689,7.4758601502672475,8.151780701534403,6.426633179669181,6.188303939935211,6.649117794449629,0.42053754033701546,0.40285587007084905,0.43516181715178487,329.92,330.0,25,25
